id,pigeonhole,tx,block,inclusionMs,visibleMs,blockTsDeltaS
latency-1790031840-1,0x67DDaa7B04C0095f8f99f665491a1CBC972Fcd34,0x53210433aec85b3220d990c27e7185496c004183244654e74d1020d742796e52,22082510,612,738,1
latency-1790031840-2,0xEA421d93e6900F036bCe5F7F239624D343dEd3AB,0xa72fcbe2f1aedca12a34925a4206db48dfbc3d79b24590c64253d55c433f1fb7,22082517,431,560,1
latency-1790031840-3,0x8CCf123a6FD1c59390f5d0905E722d724a5A6F2B,0x6f79bd42add81e87ee7df145b47c0430ccbaa663cc99a0efa239a39e0dc10712,22082524,442,566,1
latency-1790031840-4,0x191383C9e5Eb55707A24e3f1fD3C7B1AebbfE739,0x068665a8687800b54b81a383e7586742c3d41ba4e5e22f1b574f56ea3ad35a96,22082531,848,979,1
latency-1790031840-5,0x9F03ba7aEc39bF043d0e9DD84050a09F5e0D645a,0x5286f2384c136c991b8fe14a010076e7961eb48c8f9e7d4b3b57f47e1a29ecf3,22082539,848,968,1
latency-1790031840-6,0xeDB6Da9A8AfA39a57bE193F762E21911EE032EA8,0x997e23cad2b429840f4957cd4f9a55c25749695d865fded9901f0dcc3993c6f9,22082546,452,579,1
latency-1790031840-7,0xF0d0831895Fa3a89Be6Ff31F95a858c776fE40A5,0x6e12e18fe4d0d5d5e8d0a21fefee710e91f0441d988b287737e5c10392e47425,22082553,846,974,1
latency-1790031840-8,0x9Ed526DaAdce91C22220455ed083E083801fD28E,0xac8ac1bd3f92f195e45584165cbb9245a365df32c3b8ace3b247687ac0780e0f,22082561,850,1010,1
latency-1790031840-9,0xDc3910Bc8f20091E68966e841d94c32c2dA08E19,0x68b4f616d6273d8a3add272f42cfca23bb7755cee460d0766e75e7d465064e74,22082568,423,548,1
latency-1790031840-10,0xf121ADf9a02Fb086c8BaC6683602AE9e1c4A62Db,0x33c3475eb5d40656b33cd2e225924ce422f291abc02a63793785a8d624ddf9a5,22082575,424,549,2
