n,i,id,salt,pigeonhole,payTx
1,1,many-1790067566-1-1,0x3982c57b916eb1c8416c5dc9d350e98494e0e5fcabdabea1c648f6a290eb5c78,0xba60c1b4f2169938c3d5F9089782640938a90739,0x8448bb4acd75c6f548ba063606d0d7e4b5a7493d969e55480301edd2bad9b47d
10,1,many-1790067566-10-1,0x1c41ffd3caede34e6f30a1e5de1e0410054db0b9b674e2f8c20d92f3290ff41f,0xB6deED0F288EA58F1BaEAbc9FB3B0bD5fA41233f,0x86a8521442243f46ed64f3aea67fbb242e8d0eac6728b9b5dbcf288e7a9669a7
10,2,many-1790067566-10-2,0xa4e061fd380d9ae1daeca67c16b5ba039e2bed67b166a1d4beee3c3828e600cd,0x28f9d3C24D3a2F203514014bee74be5a47698fb3,0x1d810fa3f8fa7b6209872ad1175357ac619d2e0ee8dc58524ddbcdd791cbfbbc
10,3,many-1790067566-10-3,0xd24cabe51569e9ac081d761a8c48e3bbabe9f3e097d4849e87534168eb95af05,0x20F84259E1280F486d00cFAf25B16719709EaAd0,0x2dd511d5f6e18c2d725be2541d5affe06444089272b61981fc128f68b679d65d
10,4,many-1790067566-10-4,0x96537aa254bcd9f494b18d956dc7cd400857f72af8d5720ac9a871409bee5e6e,0x47c256D903aF7A914B1CF1B7702fFfceb1d80d1c,0xd85f75eb64ab8b5b78991d9fce7128119ec309831a1b49d9a87681a25ab23baa
10,5,many-1790067566-10-5,0x96d2bdedead6ab8e30c1325b2b9daea7e05953a92cabb7cf5bf5f3d08fb96041,0xD9f383B2B99e2a7e918421607Ac7d5e2d5b1419c,0xec794e769b61c45b5292909842c0f3821f0acee7bc52682c0748074af3999fbe
10,6,many-1790067566-10-6,0x625434f237ad6783a5a95f8b2d18b06eada0197f893035bd73ec15ec7c38e00c,0x527882B67aA02f77e7c970D34b852c2F0fd3a0b9,0x77f9bced2defe2d804471c7a5026ad038bfc8726dedec923b3edc2d80a0155f3
10,7,many-1790067566-10-7,0x7ca41315cb1bd2820e261bb63c8b6fb1a6a31036d47437998120062ba4484adf,0x53579a5704945F17a0c3cE661B8F8Feacc470dda,0x979adc18d8f622b46af5af99f039464c1a46d24042c1988b771014100a7c8c15
10,8,many-1790067566-10-8,0xa76c8701543cef2bfe008fc631f4c94b38afead19a91e8485cfa4c056bf74022,0x040A7a05B0926ae8982F9006Fbf47Fb341124226,0x5c4305ef9e45ba70903bcf708222d83cf8a68c2439348249734d6d0263b70a72
10,9,many-1790067566-10-9,0x9119d9efb99e174ddd34bc7d2f0eb73b73be3704ec4a96128f15a1fe1c1aa964,0xD0De932cF98a6a848d9324e5AF4DB7Ce106E6eC4,0x3788725ad2e5119af326bdf1355ed425acd305459e0f0190d2f5b8f70c913256
10,10,many-1790067566-10-10,0xa98155e729a03a84a07eb164a63d27ba07c3ea1c0d17be0f567fb2dd62a8994e,0x2Fee9d22C9e3A6c75d5821b469225055542E44cE,0x508826e56263f9a1bca28c1510d9125eb588f72975d47a94275589424990afe5
50,1,many-1790067566-50-1,0xe4b8aa740a53e8efed796604418317ab5e83cb0878b241e7a3056e235c3af699,0xcbAf8E70CeCe803B7C0e0EF928c6a222B1a827d6,0xd4e6b23ede4d7e532b362601d9b1149a28ac183ae8932db7003ae19e23fb3fd7
50,2,many-1790067566-50-2,0xae8800692e8e6bf2618d5af249f54c4c28c93c022f163e86450a24180d1cc4a9,0xC1119314075FFB17D4dc61b96B22e5e587D85432,0xbf28533295a927dc5e67f61e563aac7df010de72ec6fcf0b425d12fef1353068
50,3,many-1790067566-50-3,0xd873610f0cd57866f02e9681003e26f279e6947dfda86a8db624bb323cd07912,0xB431b8EdD87f68380bfa71912d1e6a89dA7A2f8c,0xabf3ef4d6a5d98e13733bf69b19a9fa47f2ae45ea86c002feb0c3c62c35d2ecd
50,4,many-1790067566-50-4,0x3e47e68d65e9364aebf9013247186a693739ce1f05a14c5bcdccf443ea696c7f,0xeA88eAaEdd081732c1E5f82EC2Ff63429f4C9D76,0x593d36305ed1490f03bbf841fa7787382779acc52a87f7b8780720ce82706a72
50,5,many-1790067566-50-5,0xec9108a1b4cce3d1e09eda56a179dfc819e92d16462e18c9bcc081343e148bf1,0xB6DB18C04D1B9b794E3800C133e92fbCF73eF96A,0x08cab691ae428011891b5e7beac3c59b56b4282f887677433be0a13bdac9dfcb
50,6,many-1790067566-50-6,0x96e4a0c0bbb0e80c508bb0314060acfb5547306eeb2e1aa7ebac90acfa8cf74a,0xdCDF1ecD6c6f129556DfB335505262A4559E9FdA,0x5a1f2e705cdaf1346e5a2a897ee98fdf37a6dd01e3eb332c118c0f801e7deff3
50,7,many-1790067566-50-7,0x4a77ef3c1823d47cfc8705121494fe1954f40812825ada6ac92177548a7d07e4,0x2dd44D454fB7da5E5593dE7152e6c78DeF682eDf,0xdc490765c31cf48e0867c492541125fafe06f9453b004c2bf7a313946805296e
50,8,many-1790067566-50-8,0xe18eb24f09d0313b903b7e11df77ab1f770a1808dd7e8cc93c6081a939093024,0x86ceB22eF2162376820DD56a9968453FBbA8eC26,0x4d1d74a71711334b732a463746d7303de98406a45e8f3809468eeec802aaf71f
50,9,many-1790067566-50-9,0x05b9bc3c9c5a517f8aea8d7a1549da2c3875c1f45799ff11c674b5586ed392fb,0x93c1A346F9275DD0c0521DCf50d33f8ED41B2E9E,0x35c6ddb1239b7cecb5550bb7c4c575b6b113179603e7e6d3607640406cda6108
50,10,many-1790067566-50-10,0x84b09c867c030e995c971eb6cf1ea350703c6ca67a27aef1e4d9ed0799b0245d,0x96BaD92bD826C34FF265f52c5FAB94B6e3632F36,0xd27d1585b443f3025cbd2b8afc4ac42bf542d87608fa66a7a4e016207318b5ec
50,11,many-1790067566-50-11,0x1ad6c2539f59c2d52b1f60b01f985fc1dc80e9c7c3d02c0900dc2cf8ebea4288,0xc04FF83F27D85c35651Bc7538467cdc4eb5f42dC,0x46688f0514fe95208fd6c7167f682bcfd2b6bf181af776753086762dd4de87af
50,12,many-1790067566-50-12,0x8f51c20b7d00e4e68639a44699be8e326df3e8486c92ed9ce3d564d391cee94e,0x04447809e815708788C675292EA550Acd8119D3F,0x7565a3bbc5ac6f513f6e20a31d7d1da28d765c749faa70f9743fec3b4637d4f5
50,13,many-1790067566-50-13,0x1940789081c6f0ecccb88c2b2a23a3f1cdd5e0f03d61ab001a5393b3b1cfd9f2,0x676eEbfE7C2ED62737D8A0fE8a6cB0028f2a1D41,0x0a0bca0b631ebb6f0ba21637ceaa521aebb0ddef9198319c362f1499fa5a2806
50,14,many-1790067566-50-14,0x6039d7a67bb37b1ec55bd97523064d45dc4ddb2b7869d188c1f6394415605d1e,0x156A4A475c6b70b5a18fE92b26558EB0C3eD827c,0x8b74e349742d5b91d42af951e1819cef65a1cbfcdbe44a93390a3e5934cacc88
50,15,many-1790067566-50-15,0xecfa4fa6c49d26fa2737c2c1bd89c49d493a16666af5445780305a20a88aed62,0xA8263717C7a38D3FB46bAdaaB02a3478125ee7C6,0x64f46435a39bd3cc609a9b7fa440a84effa571981e67799134f5f90b12803bf0
50,16,many-1790067566-50-16,0x38d36feb1325f99fadb119d5a1f7a4f0c4cdca8a51cb6f6f3291f816afb1de9a,0xb1bAda32126D76CcB433fe0DeeC41762bC447602,0x343770da17ac99366829d3b5c75ba96fc9ee63cd513b3dd2eb742c10a8be08a7
50,17,many-1790067566-50-17,0x3d0983960d49fa750f072d9ef5ebfdb550347549e104cca7802f5e3021ba96b6,0xa2D57e6718269EF6fCDF71186B8a8E21418D9732,0x3da74ee84f9afbd9952e6944e667b1ecbae8d89f5d3f0249bd231fc6aa42ab83
50,18,many-1790067566-50-18,0x2d9fc55d749b0d20fca3d477c011988862c5fbdcbc164ae5f64a68dab2e91d2e,0x1e28C8FeecA24a202166425E42007aA43d5aB177,0x07409c5f3d7700e26948c070e805316f479523831d53fa3f3aacb730d3def542
50,19,many-1790067566-50-19,0x7f044a3af62405e17364806992527c15d765cf120c3743f9d763db607f819300,0xC6cF0A8a109c10379F4278BBF4b3c19911C00BeD,0x286e8c9139b5c29a9faed651763531410207984e33c0ccb11c7306938960f54b
50,20,many-1790067566-50-20,0xaea698d15e12012c29bb297667aee6648778bff7c0c6832e3e4b896d475cdcf2,0x1d8448448802A15033b01f5eB83fD296025effB0,0xec799805b31752d8a7ba8fea5f610abf83fb3a141363b3cba1c6c73dcb9879a7
50,21,many-1790067566-50-21,0xf6d7d491920b6cc3defa6b915f636df675c2aba42fb16098d87c6c0c659bf217,0xABA2682E97372b9ADF97abD0978099fD4AA7f4e8,0x6f6ebeb2cab37d038ddbfab62787af96f461fc89e2346584f4b223a5a62eb58d
50,22,many-1790067566-50-22,0x5b7733a3338cc9c22218eb5fbb48e0cb2111010c75ec1e70bb3ae45737894f02,0x3A84Db8784BDA23e3feda1400fc98BEa2a25214b,0xfb407df6efd5431068b6ac783536e745eb396cb54e47177670168734edd8a9df
50,23,many-1790067566-50-23,0x13d43e906f92564c45e1112c42a928b6ca8d3f411175eedabd8185f6c35e4187,0xdf47de3727f7f78fb8d65cf25F450D0271386750,0xdffa556e4a405c6a903a4e82403cf7dc2c5c67496511097613f658e6894f51fd
50,24,many-1790067566-50-24,0x7cca8bb3439f86197102672e198ac12352de87abda3f0190420531c6e4f69776,0x0b1cd7Ecc4611Eca56999E2Cb5fF3DF6c14848B0,0x0593b4fdd4783df85139e2d7cd3b7693284c810f11e622538fdd77ece1211262
50,25,many-1790067566-50-25,0x191b8dded9c0b41efa252b425b5c1dc9ec0dbe5b2f4f3777cf4ca4d8847213cb,0x7E572a698d62fdFE9Ac4fb23122Ba38E7eC2C694,0xa7ad82f067585bafe76089a90a34115ca15563312cee84859590dfe94c7b98c4
50,26,many-1790067566-50-26,0xb77675df29d949e773fd48bd9e3fedcda8d538d1f900ba66adfeee7dbe91c91e,0x15398aF281Df2F5bdc01746Ce8a5e755B7592d4A,0xa97523d023434349f43a8b6de3ff23dd6173444c9fb4427f551d1413a2b03ad9
50,27,many-1790067566-50-27,0x822a7fc9af9516ebd4a3b3d622fff75875dfc5448fd7e31ad116c28cf9faf604,0x647E70E28AC40cCdae3baCb5D3AA515C6F7efC3e,0xa16dac841a2c490e5de3b3881c32acad51e209f6b5b31a012aa874259e76081a
50,28,many-1790067566-50-28,0x2f386fde8c2f1e84677f18191828a7f132bdc8581d6264ba1553e704a3f372c7,0x9FE5436b6557715d07c38d552Ed763B1FF6BB801,0xc347336d6e41285e5a6db38906636478084d04b576a8c7a29d932b536cfbd36f
50,29,many-1790067566-50-29,0x16535293bd85f8bd8e4805f70daf30753f8a6426ed61da28441638f16c19c6b8,0x95506c94990D40C8345da5ac3d2F4Fc08e6f9f39,0xa5b7e0d14ac43f80c5fe2775e8c960bf804f798d115a28d0623578e45fcc4c4e
50,30,many-1790067566-50-30,0x304d7b5532a6a60c9acb867fa297c6c264f8d99a08351d42decce25fb3eac9aa,0x54C72c62eBC963a16FE21279A8353a5e626A0E05,0x26050b735037c247753298ea4388dd303c81c4858c7951e25082175481b8f94c
50,31,many-1790067566-50-31,0x79064c7c412899ccbd48754bcf152ee88a73c1ec57651ad1e83859c1c3d16454,0x83F0b1258883F4C97b4A1350539F090a2bC053B7,0x0c21067a46bffb470fb61b4dac722d1f0edb0761a33eac77956a41fc12eb738f
50,32,many-1790067566-50-32,0xd237f0ec466734a793e9690bb07dfccc4a15b43e6fa9a744154c2905c3dda09a,0x431CEa14779e1037fc266E465D936B1230499358,0xe8164ba906031eb71b7cf7bf2adf13e564f779950f2cf2ada0fe397c52edc6bf
50,33,many-1790067566-50-33,0x83e96959b17aabcff9100993ee73c0b189d94ae9ad2bf7e86a7238c1efb63d49,0x3CD983046a9549F0f5347fF9022D9f72b0A4774e,0x3c9d055609652ee88ea55ee24bb5ec7c4c67f598b8ca18a78e85a34843825057
50,34,many-1790067566-50-34,0x6a31a502420e69d6f73636f31020cdca7c3173cf3d874afc11027923d6ed1a59,0x507983A033Dc0b7D13E5df015cEbE82faa330075,0xa6c7b8d9779ac3424e222579b05c78a8435e8ada535cf86ce2e88e28801a3b7b
50,35,many-1790067566-50-35,0xe8be7c1d76e09a50f4c6822e2fcc44979bf722a022ba62d51c86c9525246ca4f,0x450a1E6A2Db977fb482Ad5Fd2e6b6de6a7954d8c,0x69368014c0ed075a12d48485925fd45a655862aa69769459daa4ed766c5e9754
50,36,many-1790067566-50-36,0x08cae72274ecf2a07af045a5ddca5da54285ed6e07a844a0991fd474eb83c20c,0xA92880B5133679A9Af0aE6738C809d90Bd034637,0x1d514ee60f7bd6461d89be1532861cfdf2cacc454be04cb7e166c175b574bd3d
50,37,many-1790067566-50-37,0x8b41855e1e01e5f54b0955760992ffcf3cb07b6e97b2f13af10375fce67e6d75,0x9D900d5f24eb61B5B4Dacf561F1C9f9F37EEBFC4,0xaafee8c9c42bab6d4df5208ee1328005a819317d2519cd6e56f68c8d462f681d
50,38,many-1790067566-50-38,0x9d8952f5a77190a5358914971a40341d0d07d8266550d777530a88d1e914c892,0x750BE9a589f7e20D558ecD3f62668DdA731a1D9A,0x6e003f6270e6b9ce7b7514c9977355e35dbf8722ac82c1184776d550e35ec60a
50,39,many-1790067566-50-39,0x81cd77bc1ab903eca7ced55b9d6ba40a8d2e0764d07490331a84c59989ebc927,0x2701D9674dFDEeca8a3121b91c9E5F57d582dd27,0xfa945072a9e6231585e9c60c37ff03108e3d25f5d5c49c389275db73f43f227e
50,40,many-1790067566-50-40,0x69c14e1cc518c50e870b0062cd9eb8452ba721c550a25d199e5890595a4ffd20,0x5486761F8801bEc64845dE7c70bF4cc880787BB4,0x0a9f8f2f5b4c64a7105c0502a6f63d89f48ee2a9cf167de35c421c3db5177de6
50,41,many-1790067566-50-41,0x02c44eb553a940f5391edbb4582cf013a0e46fd01a3a875ce27a80730dbcbed8,0x6D5698894017fe9E326F0e27c89791e3ca594FD4,0x48818b79041790024c5edca62da38e9de9a4e84b9c2c8bad70591db96594b37f
50,42,many-1790067566-50-42,0x620b89506c4e529cd35d60232f49ced23dce79eca3989be95e272cb2c7b06577,0x65e3Ea7c9aDe4a15021De3FEd7c20f7659564c03,0xf37ae2139bf62eaf92c3ea4056f8609f35374c97d80e26a1093747bc1dd571cc
50,43,many-1790067566-50-43,0xcd4260f96fd09b73736dff77d93e9aab59eeb91ee7287c1023f4a2746bdbbfcb,0x5D62395E3D8D588993FaCf223575C2044202Ee13,0xbb26f81e5192cb8376fe6238d682094d4fbe4fa8c51b6453548fd55fb27c3391
50,44,many-1790067566-50-44,0x418334cfd9c441abe84cf3a975df069c365e71063bf51b4cb8c5a9a79148f804,0xfb43d0fde2E40c868768DdbdEec3b56A8631e60d,0xee3b9f5ecf4683630aeefd036549594085ff544f1a742973296320b186aa685b
50,45,many-1790067566-50-45,0x4521e660f394598a71c7032d7ab12d296977fd544f22285c94d0eed7734aae39,0x04Fb404165d3474c2B65A100DDBc934eD560D5D2,0x2d17ab632b5d8e3d3561722c3877130869fc1f45e94f092dcaed606b6d8e616c
50,46,many-1790067566-50-46,0x7a30c15178309ea5adfe8c7d80e28ba026211ee9ca9ada7acbb9f5d56f1cd14f,0x39e7020dCDad4c86980Fc3683C1d75a745db01f5,0xc686bd63ac99c7119d71aba69898b9451b305ed14a015d03132e09309c5c4fc9
50,47,many-1790067566-50-47,0x9bbe2b20ddded31754ea443f0f07e814baee496ff2b98fb7664e1854b0b14797,0x191737D6Df597b28dE3D97d250e1Fc1e86dB6F65,0x4ae79d960e144b9226f7ccbb94dd73055f36fdbb75d64c0a9839c60b25e0336c
50,48,many-1790067566-50-48,0x369f0f5dbfe6ffd9bdf6aa74fabf98f179edc211fb08a3d828e61352ff67e061,0x5Ab29DB7Cee3C7197879A93750b8F877c6a18Ab8,0xcb251b051a1ee73ee4553d1696d75e5f3478ede56bce68586fd5cb09563e32f7
50,49,many-1790067566-50-49,0x1a2334603e8d6d00ffc5952b4c3e90c3a277c1a1f4e79444c4a790394f99583d,0x73d0bF4d534671B908f5a3efeB524C9227692A3B,0xae15f13b22d4797b94ff73740284703081ac9a94da73160b35d1cf02563199c1
50,50,many-1790067566-50-50,0x803ec9c6dec015ac093f4afeebc847ee3001712b5635f04139e92c0623268c0c,0xeD6782AD2441F76346E196354a6EdE62f0F2ed67,0x75a132600bd2f09a6a9b9a4bf66b6cd25574ff63b7ab133823c4154fc324adad
