kind,id,pigeonhole,gasUsed,effGasPriceWei,tx
moving,bench-1789656047-1,0xC0CF11Fb7cCa5De89b8021dEB2eddF49dEaa2990,64162,20061940215,0x7b0848df6e9af4fcd238d29261d8934d1e0e98ba8852616dd98162a5199fa5b6
moving,bench-1789656047-2,0xE19361f2Ab64d6Db2aeEbCe2D1c9d95351D38618,64162,20120000000,0x069405f0ae347ebcfeac3280e174383800fa4bd36d1f6adbe6c7c905b089f7b9
moving,bench-1789656047-3,0xCBDE0Ab9768c1742dFb1D2e1Dc39cC37D51C894B,64162,21000000000,0x4e760220f84ee9124d21b24e70175a66303a103631c657bf9a2e3c76df04de6f
moving,bench-1789656047-4,0x75B2AC4add8782e72bB7C00CFcd6Aec706a060Cf,64162,21000000000,0xe63ad53e060bd1ea4ddcaa3deefac6c1538fdafeca7a2a96f7cce940e7e3600d
moving,bench-1789656047-5,0x3fE8a92fCaCb19E7E063Fe85A12dE9fF68EeB864,64162,21000000000,0x834b13217c08db4bd57f2d25596ec59bd339f108b810d964330feff6b8874871
moving,bench-1789656047-6,0xb1254A214233A139EA58bC27d9df2ccd60Bbd4aF,64162,20777949647,0xd2e89129f25a2977e0d13e90ffc312a43837f3282b17749c6f0723bd1d2f999c
moving,bench-1789656047-7,0xC13Ac461E287eE160E8C5C0C77dF9be370aa79A0,64162,21101025149,0xc88e223bf94f7497cff5afdcea37b577b33de6f001d77ff5bd43449633d1286d
moving,bench-1789656047-8,0xD7016575F8A766b1C4Fe889677aF764D7c15fD5f,64150,20875152920,0x160bcc43e4c0123617cadfabb2a3c96db461bf56ad3c56fb59c3fd80b8960506
moving,bench-1789656047-9,0x0A1C72125c6179D9D0048fC502AB06c7A198f87b,64162,20551479163,0x42c7989471313f5707f9fc46064d8a76353d87344fe55baba3a772dac3560742
moving,bench-1789656047-10,0x14DdC7e5250596e2C561627433848Cc60534cc1B,64162,20185936925,0x9a6689375f2a321391b7c4baf04666e5c2016cd86a101b2eaa579d198ae4f33c
moving,bench-1789656047-11,0x1D3b19539180FDAC695493D1a20D93129D9D0B33,64162,20431178692,0xd0d74a31fbe52677e56b1f0b21ae282a0f27b6be4793a2580be7eb983e8e19e0
moving,bench-1789656047-12,0xAEb341952e90b7c25989e482Fc95e996582444D2,64162,21000000000,0xb5deee6a8a8d0ffce7d724b9e7c3f229e6036f4390c48d20039031f2cc1c7c80
moving,bench-1789656047-13,0x6D4BE2eE4515273805CFafb1ef12686fC8ecEf32,64162,21163156157,0xaf78765736126af5ace4b3881f7baefaae197773b020fe003636a4c54179a9fc
moving,bench-1789656047-14,0xc1B094A7D1b8029Eb0e02A09cD6B81934Dd241B8,64162,21000000000,0x9f56ce32017facc5de1495b589e3fceb88ff70b23d75f8d961ac6a55775497e7
moving,bench-1789656047-15,0x61EE4C93032d2421F59788993038bc6713787209,64162,21362000000,0x17c4cc6a7193739a0d021faaa8e3be30875671430ab385cf48bba33b7425ea96
moving,bench-1789656047-16,0xCf7904dC775F92540672788a5750D90C46CcA7E1,64162,20416666666,0x5c7305c1b0473ff1d8f4ada56c093832d023f0e545e865c9ac1ba2dc228efdde
moving,bench-1789656047-17,0x0B2BAaCfE2e24438840a3af2a8a11111049F5979,64162,20399610723,0x84ab9763f0e71f7e5db89ed84b4f60d6d98264e94229bd6edca190466235f177
moving,bench-1789656047-18,0x713d0F74C8d3244A01c88c6dFBBb7e296E8edc60,64162,20267882926,0x86851b2cec48613ed020f8827ac6ccb3d40ff94864098de322a02480d9cd617d
moving,bench-1789656047-19,0x58FB623df35FacecF6C3e24DA916BACd3c54fAeF,64162,20136161940,0x777febac2f94beb8b0f8fb5a30d832f5713a8629f4bf8ce546e71e5547bf51bb
moving,bench-1789656047-20,0x94d99eAe35C75Bf3DFeb255E61eB38D4f44E1ef5,64162,20256403982,0xf5cdd9cfdb9160520e756ebf7ca0e20b664086c69e93cd4dbac78b85aeb8c15a
moving,bench-1789656047-21,0x327Ac30c79b07F09E13F32D13e8AdA6867D2050E,64162,20295238822,0x84e9cc37fa3a714b4e4021aff7d76bfd495803294519f99c90a95997882ac920
moving,bench-1789656047-22,0xE9F640982EA389e0b91df3a25fdF28C1738846a9,64162,20866666666,0x466196443c1be139d6da5b9350dd9b027471dcd44e730e373a8e9f56a31743d5
moving,bench-1789656047-23,0xA5E62554411bD596e981a5E92aC2D12674e6ed9f,64162,20547384024,0x715a1d7ce3740ddd67e53c729d83632e5095abbbcde5b88c3ac71c9e9a685494
moving,bench-1789656047-24,0xA07B70f53BC014e7D86971A88Fd0D8eFcBa2E2bD,64150,20012000000,0xf8643d0cac1d835abdb396fc22338b6a31a9dec8f26776435bdfe856fedf65e4
moving,bench-1789656047-25,0xBe2da14974edbDCD1BD0e70711de05ECbC3ECc5F,64150,20010000000,0xf748fdfa29de1366c19e319ed88b17ec0963064add94fb691ce37d36c6dc1420
empty,,,64162,20100860943,0x2e8b991c027a3cfb78532ad4884b19114df5fd551574a103ad2014070815d93f
empty,,,64162,20186721887,0x49434db149a97a0a21385e83c07b8a0b304eb9c774604a9163f77947398ca205
empty,,,64162,20015001000,0x9c30c8590b8dfbe2e2b9080b08c8e2f3dfa136b21cd9aad39882e2052816975c
empty,,,64162,20100000000,0xcaccf39ca4092e781d169c6198cf61788b866537b8adaa5eceaae931132d1e5e
empty,,,64162,20100000000,0x09b8889b8c78e39b15f8fbfa5f2357670c0ee7abcbe46b3cc685c0d1c42adcf2
empty,,,64162,20110000000,0x195e1d4702fccba02413a78ff1a619f840e68e8a536b4d8b7110876b42b469cc
empty,,,64162,20733333333,0xc739f83ce68aaff4178e9c41018c66ef18d7b8688845f13e8b7c1433292a2523
empty,,,64162,20416666666,0x8e10a02f2ca119bd1842139d15840d25f04d9c15b8e3e5c8811f26c2059b3e5a
